[
    { "id":  1, "name": "Mi Notebook Horizon", "price": 49000, "category":"Electronics"},
     { "id": 2, "name": "Galaxy tab A7 Lite", "price": 20000, "category":"Electronics"},
     { "id": 3, "name": "boAt Rockerz 330", "price": 2000, "category":"Electronics"},
     { "id": 4, "name": "Galaxy tab A7 Lite", "price": 20000, "category":"Electronics"},
     { "id": 5, "name": "Dell Vosrtro Laptop", "price": 39999, "category":"Electronics"},
     { "id": 6, "name": "One plus Nord2 5G", "price": 30000, "category":"Electronics"}
     
  ]